2026/09/26 22:31:27.424, 11285, 12799, 44, 0
2026/09/26 22:31:27.926, 11285, 12799, 44, 0
2026/09/26 22:31:28.426, 11285, 12799, 44, 0
2026/09/26 22:31:28.926, 11285, 12799, 44, 0
2026/09/26 22:31:29.426, 11285, 12799, 44, 0
2026/09/26 22:31:29.926, 11285, 12799, 44, 0
2026/09/26 22:31:30.426, 11285, 12799, 44, 0
2026/09/26 22:31:30.926, 11285, 12799, 44, 0
2026/09/26 22:31:31.427, 11285, 12799, 44, 0
2026/09/26 22:31:31.927, 11285, 12799, 44, 0
2026/09/26 22:31:32.427, 11285, 12799, 44, 0
2026/09/26 22:31:32.927, 11285, 12799, 44, 0
2026/09/26 22:31:33.427, 11285, 12799, 44, 0
2026/09/26 22:31:33.927, 11285, 12799, 44, 0
2026/09/26 22:31:34.427, 11285, 12799, 44, 0
2026/09/26 22:31:34.927, 11285, 12799, 44, 0
2026/09/26 22:31:35.427, 11285, 12799, 44, 0
2026/09/26 22:31:35.928, 11285, 12799, 44, 0
2026/09/26 22:31:36.428, 11285, 12799, 44, 0
2026/09/26 22:31:36.928, 11285, 12799, 44, 0
2026/09/26 22:31:37.428, 11285, 12799, 44, 0
2026/09/26 22:31:37.928, 11285, 12799, 44, 0
2026/09/26 22:31:38.428, 11285, 12799, 44, 0
2026/09/26 22:31:38.928, 11285, 12799, 44, 0
2026/09/26 22:31:39.428, 11285, 12799, 44, 0
2026/09/26 22:31:39.929, 11285, 12799, 44, 0
2026/09/26 22:31:40.429, 11285, 12799, 44, 0
2026/09/26 22:31:40.929, 11285, 12799, 44, 0
2026/09/26 22:31:41.429, 11285, 12799, 44, 0
2026/09/26 22:31:41.929, 11285, 12799, 44, 0
2026/09/26 22:31:42.429, 11285, 12799, 44, 0
2026/09/26 22:31:42.930, 11285, 12799, 44, 0
2026/09/26 22:31:43.430, 11285, 12799, 44, 0
2026/09/26 22:31:43.930, 12114, 11970, 44, 0
2026/09/26 22:31:44.430, 12570, 11514, 47, 0
2026/09/26 22:31:44.930, 12570, 11514, 47, 0
2026/09/26 22:31:45.430, 12570, 11514, 47, 0
2026/09/26 22:31:45.930, 12570, 11514, 47, 0
2026/09/26 22:31:46.431, 12570, 11514, 48, 0
2026/09/26 22:31:46.931, 12570, 11514, 48, 0
2026/09/26 22:31:47.431, 12570, 11514, 48, 0
2026/09/26 22:31:47.931, 12570, 11514, 48, 0
2026/09/26 22:31:48.431, 12570, 11514, 48, 15
2026/09/26 22:31:48.932, 12570, 11514, 48, 26
2026/09/26 22:31:49.432, 12570, 11514, 48, 71
2026/09/26 22:31:49.932, 12570, 11514, 54, 100
2026/09/26 22:31:50.432, 12570, 11514, 51, 85
2026/09/26 22:31:50.932, 12570, 11514, 50, 26
2026/09/26 22:31:51.433, 12570, 11514, 49, 19
2026/09/26 22:31:51.933, 12570, 11514, 49, 0
2026/09/26 22:31:52.433, 12570, 11514, 49, 0
2026/09/26 22:31:52.933, 12570, 11514, 49, 0
2026/09/26 22:31:53.433, 12570, 11514, 49, 0
2026/09/26 22:31:53.934, 12570, 11514, 49, 0
2026/09/26 22:31:54.434, 12570, 11514, 49, 0
2026/09/26 22:31:54.934, 12570, 11514, 48, 0
2026/09/26 22:31:55.434, 12570, 11514, 48, 0
2026/09/26 22:31:55.934, 12570, 11514, 48, 0
2026/09/26 22:31:56.434, 12570, 11514, 48, 0
2026/09/26 22:31:56.935, 12570, 11514, 49, 3
2026/09/26 22:31:57.435, 12570, 11514, 49, 33
2026/09/26 22:31:57.935, 12570, 11514, 49, 65
2026/09/26 22:31:58.435, 12570, 11514, 55, 16
2026/09/26 22:31:58.935, 12570, 11514, 50, 34
2026/09/26 22:31:59.436, 12570, 11514, 49, 0
2026/09/26 22:31:59.936, 12570, 11514, 49, 0
2026/09/26 22:32:00.436, 12570, 11514, 49, 0
2026/09/26 22:32:00.936, 12570, 11514, 49, 0
2026/09/26 22:32:01.436, 12570, 11514, 49, 0
2026/09/26 22:32:01.937, 12570, 11514, 49, 0
2026/09/26 22:32:02.437, 12570, 11514, 49, 0
2026/09/26 22:32:02.937, 12570, 11514, 49, 0
2026/09/26 22:32:03.437, 12570, 11514, 49, 0
2026/09/26 22:32:03.937, 12570, 11514, 49, 0
2026/09/26 22:32:04.438, 12570, 11514, 49, 0
2026/09/26 22:32:04.938, 12570, 11514, 49, 0
2026/09/26 22:32:05.438, 12570, 11514, 49, 0
2026/09/26 22:32:05.938, 12570, 11514, 49, 0
2026/09/26 22:32:06.438, 12570, 11514, 49, 0
2026/09/26 22:32:06.938, 12570, 11514, 49, 0
2026/09/26 22:32:07.438, 12570, 11514, 49, 0
2026/09/26 22:32:07.939, 12570, 11514, 49, 0
2026/09/26 22:32:08.439, 12570, 11514, 49, 0
2026/09/26 22:32:08.939, 12570, 11514, 49, 0
2026/09/26 22:32:09.439, 12570, 11514, 50, 99
2026/09/26 22:32:09.939, 12570, 11514, 50, 81
2026/09/26 22:32:10.439, 12570, 11514, 51, 56
2026/09/26 22:32:10.939, 12570, 11514, 50, 35
2026/09/26 22:32:11.440, 12570, 11514, 50, 0
2026/09/26 22:32:11.940, 12570, 11514, 50, 0
2026/09/26 22:32:12.440, 12570, 11514, 49, 0
2026/09/26 22:32:12.940, 12570, 11514, 49, 0
2026/09/26 22:32:13.440, 12570, 11514, 50, 0
2026/09/26 22:32:13.940, 12570, 11514, 54, 0
2026/09/26 22:32:14.441, 12570, 11514, 58, 17
2026/09/26 22:32:14.941, 12570, 11514, 53, 49
2026/09/26 22:32:15.441, 12570, 11514, 52, 64
2026/09/26 22:32:15.941, 12570, 11514, 52, 82
2026/09/26 22:32:16.441, 12570, 11514, 51, 96
2026/09/26 22:32:16.941, 12570, 11514, 51, 100
2026/09/26 22:32:17.442, 12570, 11514, 51, 100
2026/09/26 22:32:17.942, 12570, 11514, 51, 77
2026/09/26 22:32:18.442, 12570, 11514, 51, 41
2026/09/26 22:32:18.942, 12570, 11514, 51, 26
2026/09/26 22:32:19.443, 12570, 11514, 50, 0
2026/09/26 22:32:19.943, 12570, 11514, 51, 0
2026/09/26 22:32:20.444, 12570, 11514, 51, 0
2026/09/26 22:32:20.944, 12570, 11514, 51, 0
2026/09/26 22:32:21.444, 12570, 11514, 51, 0
2026/09/26 22:32:21.944, 12570, 11514, 51, 0
2026/09/26 22:32:22.445, 12570, 11514, 51, 0
2026/09/26 22:32:22.945, 12570, 11514, 51, 0
2026/09/26 22:32:23.445, 12570, 11514, 51, 0
2026/09/26 22:32:23.946, 12570, 11514, 51, 0
2026/09/26 22:32:24.446, 12570, 11514, 51, 0
2026/09/26 22:32:24.946, 12570, 11514, 57, 0
2026/09/26 22:32:25.446, 12570, 11514, 57, 24
2026/09/26 22:32:25.946, 12570, 11514, 53, 67
2026/09/26 22:32:26.446, 12570, 11514, 53, 77
2026/09/26 22:32:26.946, 12570, 11514, 52, 99
2026/09/26 22:32:27.446, 12570, 11514, 52, 95
2026/09/26 22:32:27.947, 12570, 11514, 52, 100
2026/09/26 22:32:28.447, 12570, 11514, 54, 57
2026/09/26 22:32:28.947, 12570, 11514, 52, 41
2026/09/26 22:32:29.447, 12570, 11514, 51, 21
2026/09/26 22:32:29.947, 12570, 11514, 51, 0
2026/09/26 22:32:30.447, 12570, 11514, 51, 0
2026/09/26 22:32:30.947, 12570, 11514, 51, 0
2026/09/26 22:32:31.448, 12570, 11514, 51, 0
2026/09/26 22:32:31.948, 12570, 11514, 51, 0
2026/09/26 22:32:32.448, 12570, 11514, 51, 0
2026/09/26 22:32:32.948, 12570, 11514, 51, 0
2026/09/26 22:32:33.448, 12570, 11514, 51, 0
2026/09/26 22:32:33.948, 12570, 11514, 51, 0
2026/09/26 22:32:34.448, 12570, 11514, 51, 0
2026/09/26 22:32:34.949, 12570, 11514, 51, 0
2026/09/26 22:32:35.449, 12570, 11514, 51, 0
2026/09/26 22:32:35.949, 12570, 11514, 51, 0
2026/09/26 22:32:36.449, 12570, 11514, 58, 7
2026/09/26 22:32:36.949, 12570, 11514, 55, 33
2026/09/26 22:32:37.449, 12570, 11514, 50, 0
2026/09/26 22:32:37.950, 12570, 11514, 52, 87
2026/09/26 22:32:38.450, 12570, 11514, 51, 77
2026/09/26 22:32:38.950, 12570, 11514, 50, 24
2026/09/26 22:32:39.450, 12570, 11514, 50, 0
2026/09/26 22:32:39.950, 12570, 11514, 50, 0
2026/09/26 22:32:40.450, 12570, 11514, 50, 0
2026/09/26 22:32:40.951, 12570, 11514, 49, 0
2026/09/26 22:32:41.451, 12570, 11514, 50, 0
2026/09/26 22:32:41.951, 12570, 11514, 50, 0
2026/09/26 22:32:42.451, 12570, 11514, 49, 0
2026/09/26 22:32:42.951, 12570, 11514, 49, 0
2026/09/26 22:32:43.451, 12570, 11514, 49, 0
2026/09/26 22:32:43.951, 12570, 11514, 48, 0
2026/09/26 22:32:44.452, 12570, 11514, 48, 0
2026/09/26 22:32:44.952, 12570, 11514, 48, 0
2026/09/26 22:32:45.452, 12570, 11514, 48, 0
2026/09/26 22:32:45.952, 12570, 11514, 47, 0
2026/09/26 22:32:46.454, 12570, 11514, 47, 0
2026/09/26 22:32:46.954, 12570, 11514, 47, 0
2026/09/26 22:32:47.454, 12570, 11514, 47, 0
2026/09/26 22:32:47.955, 12570, 11514, 47, 0
2026/09/26 22:32:48.455, 12570, 11514, 47, 0
2026/09/26 22:32:48.955, 12570, 11514, 47, 0
2026/09/26 22:32:49.455, 12570, 11514, 47, 0
2026/09/26 22:32:49.956, 12570, 11514, 47, 0
2026/09/26 22:32:50.456, 12570, 11514, 47, 0
2026/09/26 22:32:50.956, 12570, 11514, 47, 0
2026/09/26 22:32:51.456, 12570, 11514, 46, 0
2026/09/26 22:32:51.956, 11285, 12799, 46, 0
2026/09/26 22:32:52.456, 11285, 12799, 46, 0
2026/09/26 22:32:52.956, 11285, 12799, 46, 0
2026/09/26 22:32:53.457, 11285, 12799, 46, 0
2026/09/26 22:32:53.957, 11285, 12799, 46, 0
2026/09/26 22:32:54.457, 11285, 12799, 45, 0
2026/09/26 22:32:54.957, 11285, 12799, 45, 0
2026/09/26 22:32:55.457, 11285, 12799, 45, 0
2026/09/26 22:32:55.958, 11285, 12799, 45, 0
2026/09/26 22:32:56.458, 11285, 12799, 44, 0
2026/09/26 22:32:56.958, 11285, 12799, 44, 0
2026/09/26 22:32:57.458, 11285, 12799, 44, 0
2026/09/26 22:32:57.958, 11285, 12799, 44, 0
2026/09/26 22:32:58.458, 11285, 12799, 44, 0
2026/09/26 22:32:58.959, 11285, 12799, 44, 0
2026/09/26 22:32:59.459, 11285, 12799, 44, 0
2026/09/26 22:32:59.959, 11285, 12799, 44, 0
2026/09/26 22:33:00.459, 11285, 12799, 44, 0
2026/09/26 22:33:00.959, 11285, 12799, 44, 0
2026/09/26 22:33:01.460, 11285, 12799, 43, 0
2026/09/26 22:33:01.960, 11285, 12799, 43, 0
2026/09/26 22:33:02.460, 11285, 12799, 43, 0
2026/09/26 22:33:02.960, 11285, 12799, 43, 0
2026/09/26 22:33:03.460, 11285, 12799, 43, 0
2026/09/26 22:33:03.960, 11285, 12799, 43, 0
2026/09/26 22:33:04.461, 11285, 12799, 43, 0
2026/09/26 22:33:04.961, 11285, 12799, 43, 0
2026/09/26 22:33:05.461, 11285, 12799, 43, 0
2026/09/26 22:33:05.961, 11285, 12799, 43, 0
2026/09/26 22:33:06.461, 11285, 12799, 43, 0
2026/09/26 22:33:06.962, 11285, 12799, 43, 0
2026/09/26 22:33:07.462, 11285, 12799, 43, 0
2026/09/26 22:33:07.962, 11285, 12799, 43, 0
2026/09/26 22:33:08.462, 11285, 12799, 43, 0
2026/09/26 22:33:08.962, 11285, 12799, 43, 0
2026/09/26 22:33:09.462, 11285, 12799, 43, 0
2026/09/26 22:33:09.963, 11285, 12799, 43, 0
2026/09/26 22:33:10.463, 11285, 12799, 43, 0
2026/09/26 22:33:10.963, 11285, 12799, 43, 0
2026/09/26 22:33:11.463, 11285, 12799, 43, 0
2026/09/26 22:33:11.963, 11285, 12799, 43, 0
2026/09/26 22:33:12.463, 11285, 12799, 43, 0
2026/09/26 22:33:12.964, 11285, 12799, 43, 0
2026/09/26 22:33:13.464, 11285, 12799, 43, 0
2026/09/26 22:33:13.964, 11285, 12799, 43, 0
2026/09/26 22:33:14.464, 11285, 12799, 43, 0
2026/09/26 22:33:14.964, 11285, 12799, 43, 0
2026/09/26 22:33:15.464, 11285, 12799, 43, 0
2026/09/26 22:33:15.965, 11285, 12799, 43, 0
2026/09/26 22:33:16.465, 11285, 12799, 43, 0
2026/09/26 22:33:16.965, 11285, 12799, 43, 0
2026/09/26 22:33:17.465, 11285, 12799, 43, 0
2026/09/26 22:33:17.965, 11285, 12799, 43, 0
2026/09/26 22:33:18.465, 11285, 12799, 43, 0
2026/09/26 22:33:18.965, 11285, 12799, 43, 0
2026/09/26 22:33:19.465, 11285, 12799, 43, 0
2026/09/26 22:33:19.966, 11285, 12799, 43, 0
2026/09/26 22:33:20.466, 11285, 12799, 43, 0
2026/09/26 22:33:20.966, 11285, 12799, 43, 0
2026/09/26 22:33:21.466, 11285, 12799, 43, 0
2026/09/26 22:33:21.966, 11285, 12799, 43, 0
2026/09/26 22:33:22.466, 11285, 12799, 43, 0
2026/09/26 22:33:22.966, 11285, 12799, 43, 0
2026/09/26 22:33:23.466, 11285, 12799, 43, 0
2026/09/26 22:33:23.966, 11285, 12799, 43, 0
2026/09/26 22:33:24.466, 11285, 12799, 43, 0
2026/09/26 22:33:24.967, 11285, 12799, 43, 0
2026/09/26 22:33:25.467, 11285, 12799, 43, 0
2026/09/26 22:33:25.967, 11285, 12799, 43, 0
2026/09/26 22:33:26.467, 11285, 12799, 43, 0
2026/09/26 22:33:26.967, 11285, 12799, 43, 0
2026/09/26 22:33:27.467, 11285, 12799, 43, 0
2026/09/26 22:33:27.967, 11285, 12799, 43, 0
2026/09/26 22:33:28.467, 11285, 12799, 43, 0
2026/09/26 22:33:28.967, 11285, 12799, 43, 0
2026/09/26 22:33:29.468, 11285, 12799, 43, 0
2026/09/26 22:33:29.968, 11285, 12799, 43, 0
2026/09/26 22:33:30.468, 11285, 12799, 43, 0
2026/09/26 22:33:30.968, 11285, 12799, 43, 0
2026/09/26 22:33:31.468, 11285, 12799, 43, 0
2026/09/26 22:33:31.968, 11285, 12799, 43, 0
2026/09/26 22:33:32.468, 11285, 12799, 43, 0
2026/09/26 22:33:32.969, 11285, 12799, 43, 0
2026/09/26 22:33:33.469, 11285, 12799, 43, 0
2026/09/26 22:33:33.969, 11285, 12799, 43, 0
2026/09/26 22:33:34.469, 11285, 12799, 43, 0
2026/09/26 22:33:34.969, 11285, 12799, 43, 0
2026/09/26 22:33:35.469, 11285, 12799, 43, 0
2026/09/26 22:33:35.970, 11285, 12799, 43, 0
2026/09/26 22:33:36.470, 11285, 12799, 43, 0
2026/09/26 22:33:36.970, 11285, 12799, 43, 0
2026/09/26 22:33:37.470, 11285, 12799, 43, 0
2026/09/26 22:33:37.970, 11285, 12799, 43, 0
2026/09/26 22:33:38.470, 11285, 12799, 43, 0
2026/09/26 22:33:38.970, 11285, 12799, 43, 0
2026/09/26 22:33:39.471, 11285, 12799, 43, 0
2026/09/26 22:33:39.971, 11285, 12799, 43, 0
2026/09/26 22:33:40.471, 11285, 12799, 43, 0
2026/09/26 22:33:40.971, 11285, 12799, 43, 0
2026/09/26 22:33:41.471, 11285, 12799, 43, 0
2026/09/26 22:33:41.971, 11285, 12799, 43, 0
2026/09/26 22:33:42.472, 11285, 12799, 43, 0
2026/09/26 22:33:42.972, 11285, 12799, 43, 0
2026/09/26 22:33:43.472, 11285, 12799, 43, 0
2026/09/26 22:33:43.972, 11285, 12799, 43, 0
2026/09/26 22:33:44.472, 11285, 12799, 43, 0
2026/09/26 22:33:44.973, 11285, 12799, 43, 0
2026/09/26 22:33:45.473, 11285, 12799, 43, 0
2026/09/26 22:33:45.973, 11285, 12799, 43, 0
2026/09/26 22:33:46.473, 11285, 12799, 43, 0
2026/09/26 22:33:46.973, 11285, 12799, 43, 0
2026/09/26 22:33:47.473, 11285, 12799, 44, 0
2026/09/26 22:33:47.973, 11285, 12799, 44, 0
2026/09/26 22:33:48.474, 11285, 12799, 44, 0
2026/09/26 22:33:48.974, 11285, 12799, 44, 0
2026/09/26 22:33:49.474, 11285, 12799, 44, 0
2026/09/26 22:33:49.974, 11285, 12799, 44, 0
2026/09/26 22:33:50.474, 11285, 12799, 44, 0
2026/09/26 22:33:50.974, 11285, 12799, 44, 0
2026/09/26 22:33:51.475, 11285, 12799, 44, 0
2026/09/26 22:33:51.975, 11285, 12799, 44, 0
2026/09/26 22:33:52.477, 11285, 12799, 44, 0
2026/09/26 22:33:52.977, 11285, 12799, 44, 0
2026/09/26 22:33:53.477, 11285, 12799, 44, 0
2026/09/26 22:33:53.978, 11285, 12799, 44, 0
2026/09/26 22:33:54.478, 11285, 12799, 44, 0
2026/09/26 22:33:54.978, 11285, 12799, 44, 0
2026/09/26 22:33:55.478, 11285, 12799, 44, 0
2026/09/26 22:33:55.978, 11285, 12799, 44, 0
2026/09/26 22:33:56.479, 11285, 12799, 44, 0
2026/09/26 22:33:56.979, 11285, 12799, 44, 0
2026/09/26 22:33:57.479, 11285, 12799, 44, 0
2026/09/26 22:33:57.979, 11285, 12799, 44, 0
2026/09/26 22:33:58.479, 11285, 12799, 44, 0
2026/09/26 22:33:58.980, 11285, 12799, 44, 0
2026/09/26 22:33:59.480, 11285, 12799, 44, 0
2026/09/26 22:33:59.980, 11285, 12799, 44, 0
2026/09/26 22:34:00.480, 11285, 12799, 44, 0
2026/09/26 22:34:00.980, 11285, 12799, 44, 0
2026/09/26 22:34:01.480, 11285, 12799, 44, 0
2026/09/26 22:34:01.981, 11285, 12799, 44, 0
2026/09/26 22:34:02.481, 11285, 12799, 44, 0
2026/09/26 22:34:02.981, 11285, 12799, 44, 0
2026/09/26 22:34:03.481, 11285, 12799, 44, 0
2026/09/26 22:34:03.981, 11285, 12799, 44, 0
2026/09/26 22:34:04.482, 11285, 12799, 44, 0
2026/09/26 22:34:04.982, 11285, 12799, 44, 0
2026/09/26 22:34:05.482, 11285, 12799, 44, 0
2026/09/26 22:34:05.982, 11285, 12799, 44, 0
2026/09/26 22:34:06.482, 11285, 12799, 44, 0
2026/09/26 22:34:06.982, 11285, 12799, 44, 0
2026/09/26 22:34:07.482, 11285, 12799, 44, 0
2026/09/26 22:34:07.983, 11285, 12799, 44, 0
2026/09/26 22:34:08.483, 11285, 12799, 44, 0
2026/09/26 22:34:08.983, 11285, 12799, 44, 0
2026/09/26 22:34:09.483, 11285, 12799, 44, 0
2026/09/26 22:34:09.983, 11285, 12799, 44, 0
2026/09/26 22:34:10.484, 11285, 12799, 44, 0
2026/09/26 22:34:10.984, 11285, 12799, 44, 0
2026/09/26 22:34:11.484, 11285, 12799, 44, 0
2026/09/26 22:34:11.984, 11285, 12799, 44, 0
2026/09/26 22:34:12.484, 11285, 12799, 44, 0
2026/09/26 22:34:12.984, 11285, 12799, 44, 0
2026/09/26 22:34:13.485, 11285, 12799, 44, 0
2026/09/26 22:34:13.985, 11285, 12799, 44, 0
2026/09/26 22:34:14.485, 11285, 12799, 44, 0
2026/09/26 22:34:14.985, 11285, 12799, 44, 0
2026/09/26 22:34:15.485, 11285, 12799, 44, 0
2026/09/26 22:34:15.985, 11285, 12799, 44, 0
2026/09/26 22:34:16.486, 11285, 12799, 44, 0
2026/09/26 22:34:16.986, 11285, 12799, 44, 0
2026/09/26 22:34:17.486, 11285, 12799, 44, 0
2026/09/26 22:34:17.986, 11285, 12799, 44, 0
2026/09/26 22:34:18.486, 11285, 12799, 44, 0
2026/09/26 22:34:18.986, 11285, 12799, 44, 0
2026/09/26 22:34:19.487, 11285, 12799, 44, 0
2026/09/26 22:34:19.987, 11285, 12799, 44, 0
2026/09/26 22:34:20.487, 11285, 12799, 44, 0
2026/09/26 22:34:20.987, 11285, 12799, 44, 0
2026/09/26 22:34:21.487, 11285, 12799, 44, 0
2026/09/26 22:34:21.987, 11285, 12799, 44, 0
2026/09/26 22:34:22.487, 11285, 12799, 44, 0
2026/09/26 22:34:22.988, 11285, 12799, 44, 0
2026/09/26 22:34:23.488, 11285, 12799, 44, 0
2026/09/26 22:34:23.988, 11285, 12799, 44, 0
2026/09/26 22:34:24.488, 11285, 12799, 44, 0
2026/09/26 22:34:24.988, 11285, 12799, 44, 0
2026/09/26 22:34:25.488, 11285, 12799, 44, 0
2026/09/26 22:34:25.988, 11285, 12799, 44, 0
2026/09/26 22:34:26.488, 11285, 12799, 44, 0
2026/09/26 22:34:26.989, 11285, 12799, 44, 0
2026/09/26 22:34:27.489, 11285, 12799, 44, 0
2026/09/26 22:34:27.989, 11285, 12799, 44, 0
2026/09/26 22:34:28.489, 11285, 12799, 44, 0
2026/09/26 22:34:28.989, 11285, 12799, 44, 0
2026/09/26 22:34:29.489, 11285, 12799, 44, 0
2026/09/26 22:34:29.989, 11285, 12799, 44, 0
2026/09/26 22:34:30.490, 11285, 12799, 44, 0
2026/09/26 22:34:30.990, 11285, 12799, 44, 0
2026/09/26 22:34:31.490, 11285, 12799, 44, 0
2026/09/26 22:34:31.990, 11285, 12799, 44, 0
2026/09/26 22:34:32.490, 11285, 12799, 44, 0
2026/09/26 22:34:32.991, 11285, 12799, 44, 0
2026/09/26 22:34:33.491, 11285, 12799, 44, 0
2026/09/26 22:34:33.992, 11285, 12799, 44, 0
2026/09/26 22:34:34.492, 11285, 12799, 44, 0
2026/09/26 22:34:34.992, 11285, 12799, 44, 0
2026/09/26 22:34:35.492, 11285, 12799, 44, 0
2026/09/26 22:34:35.992, 11285, 12799, 44, 0
2026/09/26 22:34:36.492, 11285, 12799, 44, 0
2026/09/26 22:34:36.992, 11285, 12799, 44, 0
2026/09/26 22:34:37.492, 11285, 12799, 44, 0
2026/09/26 22:34:37.992, 11285, 12799, 44, 0
2026/09/26 22:34:38.493, 11285, 12799, 44, 0
2026/09/26 22:34:38.993, 11285, 12799, 44, 0
2026/09/26 22:34:39.493, 11285, 12799, 44, 0
2026/09/26 22:34:39.993, 11285, 12799, 44, 0
2026/09/26 22:34:40.493, 11285, 12799, 44, 0
2026/09/26 22:34:40.993, 11285, 12799, 44, 0
2026/09/26 22:34:41.493, 11285, 12799, 44, 0
2026/09/26 22:34:41.993, 11285, 12799, 44, 0
2026/09/26 22:34:42.494, 11285, 12799, 44, 0
2026/09/26 22:34:42.994, 11285, 12799, 44, 0
2026/09/26 22:34:43.494, 11285, 12799, 44, 0
2026/09/26 22:34:43.994, 11285, 12799, 44, 0
2026/09/26 22:34:44.494, 11285, 12799, 44, 0
2026/09/26 22:34:44.994, 11285, 12799, 44, 0
2026/09/26 22:34:45.494, 11285, 12799, 44, 0
2026/09/26 22:34:45.994, 11285, 12799, 44, 0
2026/09/26 22:34:46.495, 11285, 12799, 44, 0
2026/09/26 22:34:46.995, 11285, 12799, 44, 0
2026/09/26 22:34:47.495, 11285, 12799, 44, 0
2026/09/26 22:34:47.995, 11285, 12799, 44, 0
2026/09/26 22:34:48.495, 11285, 12799, 44, 0
2026/09/26 22:34:48.995, 11285, 12799, 44, 0
2026/09/26 22:34:49.495, 11285, 12799, 44, 0
2026/09/26 22:34:49.995, 11285, 12799, 44, 0
2026/09/26 22:34:50.495, 11285, 12799, 44, 0
2026/09/26 22:34:50.995, 11285, 12799, 44, 0
2026/09/26 22:34:51.496, 11285, 12799, 44, 0
2026/09/26 22:34:51.996, 11285, 12799, 44, 0
2026/09/26 22:34:52.496, 11285, 12799, 44, 0
2026/09/26 22:34:52.996, 11285, 12799, 44, 0
2026/09/26 22:34:53.496, 11285, 12799, 44, 0
2026/09/26 22:34:53.996, 11285, 12799, 44, 0
2026/09/26 22:34:54.497, 11285, 12799, 44, 0
2026/09/26 22:34:54.997, 11285, 12799, 44, 0
2026/09/26 22:34:55.497, 11285, 12799, 44, 0
2026/09/26 22:34:55.997, 11285, 12799, 44, 0
2026/09/26 22:34:56.497, 11285, 12799, 44, 0
2026/09/26 22:34:56.997, 11285, 12799, 44, 0
2026/09/26 22:34:57.497, 11285, 12799, 44, 0
2026/09/26 22:34:57.998, 11285, 12799, 44, 0
2026/09/26 22:34:58.498, 11285, 12799, 44, 0
2026/09/26 22:34:58.998, 11285, 12799, 44, 0
2026/09/26 22:34:59.498, 11285, 12799, 44, 0
2026/09/26 22:34:59.998, 11285, 12799, 44, 0
2026/09/26 22:35:00.498, 11285, 12799, 44, 0
2026/09/26 22:35:00.999, 11285, 12799, 44, 0
2026/09/26 22:35:01.499, 11285, 12799, 44, 0
2026/09/26 22:35:01.999, 11285, 12799, 44, 0
2026/09/26 22:35:02.499, 11285, 12799, 44, 0
2026/09/26 22:35:02.999, 11285, 12799, 45, 0
2026/09/26 22:35:03.499, 11285, 12799, 45, 0
2026/09/26 22:35:04.000, 11285, 12799, 45, 0
2026/09/26 22:35:04.500, 11285, 12799, 45, 0
2026/09/26 22:35:05.000, 11285, 12799, 45, 0
2026/09/26 22:35:05.500, 11285, 12799, 45, 0
