frame,preprocess_ms,inference_sync_readback_ms,total_ms
1,11.561,5634.691,5659.094
2,13.719,5974.650,6000.531
3,17.784,5923.690,5956.303
4,11.783,5773.547,5798.671
5,21.252,5262.325,5299.376
6,11.484,5993.518,6018.081
7,11.736,5570.504,5594.716
8,14.606,6139.039,6167.049
9,12.479,6190.219,6215.893
10,11.581,5165.699,5189.957
11,10.517,6253.855,6280.382
12,12.518,5481.371,5506.372
13,10.918,5187.186,5213.795
14,12.471,5182.516,5208.769
15,12.437,5962.380,5987.479
16,11.276,6625.434,6649.623
17,15.935,7052.789,7081.251
18,12.738,6408.396,6433.625
19,12.491,6438.962,6464.816
20,14.007,6991.533,7018.561
21,18.484,6849.388,6895.132
22,16.544,8100.910,8130.018
23,12.793,7584.986,7620.545
