backend,frames,median_inference_ms,inference_fps,total_fps,min_inference_ms,max_inference_ms
tch-mps,120,110.374,9.0167,8.1578,109.989,116.856
ort-default,120,754.298,1.3181,1.3024,726.134,917.14
ort-ane,120,760.877,1.2842,1.2674,733.447,1114.73
ort-gpu,120,806.75,1.2268,1.2128,752.388,991.057
burn-metal,120,840.499,1.187,1.1537,833.011,924.744
ort-cpu,120,1693.652,0.5862,0.5828,1434.149,2226.6
tch-cpu,120,2450.43,0.4036,0.4016,2306.983,2802.666
candle-onnx-metal,120,2832.857,0.3439,0.3413,2770.305,3433.812
native-candle-metal,120,3071.562,0.3236,0.3199,2772.108,3651.762
tract-metal,120,4156.923,0.2398,0.2392,3710.117,4770.934
candle-onnx-cpu,120,4506.885,0.2121,0.2117,4219.81,6137.857
native-candle-cpu,120,4602.52,0.2112,0.2101,4256.219,5832.691
