frame,preprocess_ms,inference_ms,total_ms
1,9.437,1616.259,1625.695
2,8.146,1618.355,1626.501
3,8.458,1557.94,1566.398
4,9.61,1753.348,1762.959
5,8.512,1694.309,1702.821
6,10.526,1883.859,1894.385
7,8.55,1577.988,1586.538
8,11.069,1805.684,1816.753
9,8.795,1721.378,1730.173
10,10.119,1721.826,1731.945
11,8.478,1636.112,1644.59
12,9.104,1798.796,1807.901
13,9.071,1663.772,1672.844
14,8.71,1744.793,1753.502
15,8.19,1761.49,1769.68
16,8.213,1472.363,1480.576
17,11.897,1833.654,1845.551
18,8.562,1688.055,1696.617
19,8.429,1840.917,1849.346
20,8.499,1867.168,1875.668
21,10.554,1769.861,1780.416
22,8.902,1839.018,1847.921
23,14.059,1719.116,1733.175
24,8.413,1599.854,1608.268
25,8.427,1624.09,1632.517
26,8.839,1739.386,1748.225
27,8.449,1724.917,1733.367
28,10.96,1643.129,1654.09
29,8.19,1809.757,1817.947
30,10.156,1634.473,1644.63
31,8.795,1517.707,1526.503
32,8.442,1678.591,1687.033
33,11.818,1695.486,1707.305
34,8.494,1681.011,1689.506
35,8.907,1642.841,1651.748
36,12.933,1833.263,1846.196
37,10.323,1678.878,1689.201
38,8.656,1582.699,1591.355
39,10.755,1676.479,1687.235
40,8.644,1776.76,1785.405
41,8.605,1636.767,1645.372
42,10.868,1891.766,1902.635
43,8.63,1673.514,1682.143
44,13.05,1612.347,1625.397
45,8.213,1707.06,1715.274
46,10.542,1744.364,1754.907
47,8.061,1504.384,1512.445
48,10.344,1682.395,1692.739
49,10.028,1683.821,1693.85
50,8.728,1624.147,1632.875
51,9.772,1479.293,1489.065
52,9.888,1578.223,1588.111
53,8.676,1434.149,1442.825
54,10.15,1553.778,1563.928
55,8.667,1522.75,1531.418
56,15.312,1568.943,1584.255
57,9.053,1662.561,1671.614
58,10.314,1729.932,1740.246
59,9.313,1670.253,1679.567
60,9.436,1761.831,1771.268
61,10.916,1662.63,1673.546
62,9.26,1684.01,1693.271
63,10.7,1592.804,1603.504
64,10.042,1741.742,1751.784
65,9.064,1702.112,1711.177
66,11.304,1838.409,1849.713
67,9.87,1639.158,1649.029
68,9.278,1708.54,1717.818
69,11.737,1663.507,1675.244
70,9.118,1702.006,1711.124
71,8.973,1588.402,1597.375
72,8.819,1709.516,1718.336
73,8.789,1544.2,1552.989
74,9.563,1600.178,1609.742
75,9.339,1642.095,1651.435
76,9.148,1672.014,1681.162
77,11.126,1780.07,1791.196
78,9.214,1721.717,1730.932
79,12.222,1902.93,1915.153
80,9.049,1700.511,1709.56
81,12.387,1703.559,1715.946
82,8.973,1675.958,1684.931
83,10.148,1731.493,1741.641
84,9.314,1706.36,1715.673
85,9.645,1624.729,1634.374
86,10.259,1745.023,1755.282
87,10.072,1700.511,1710.583
88,9.469,1770.441,1779.911
89,9.214,1814.207,1823.421
90,11.716,1696.427,1708.143
91,9.227,1640.555,1649.782
92,10.457,1631.069,1641.526
93,10.823,1719.094,1729.917
94,9.276,1600.597,1609.873
95,10.286,1649.958,1660.245
96,8.982,1631.336,1640.318
97,9.222,1645.775,1654.998
98,9.086,1592.28,1601.366
99,9.23,1834.362,1843.592
100,9.541,1841.6,1851.142
101,12.453,1730.644,1743.097
102,8.821,1737.534,1746.356
103,13.672,1707.622,1721.294
104,9.136,1593.836,1602.972
105,9.799,1637.729,1647.528
106,9.472,1610.249,1619.722
107,9.452,1590.802,1600.254
108,8.934,1633.616,1642.551
109,9.184,1692.994,1702.178
110,10.299,1831.858,1842.157
111,9.557,1604.294,1613.851
112,9.076,1758.209,1767.285
113,8.649,1933.508,1942.157
114,9.303,2032.378,2041.681
115,9.189,1879.967,1889.157
116,9.454,1842.565,1852.02
117,8.917,1984.553,1993.47
118,12.723,2226.6,2239.323
119,9.642,1984.703,1994.345
120,10.531,2112.407,2122.939
