device,frame,preprocess_ms,inference_sync_readback_ms,total_ms
mps,1,11.495,121.257,132.753
mps,2,12.960,120.270,133.230
mps,3,13.298,120.553,133.851
mps,4,12.900,120.366,133.267
mps,5,13.951,120.699,134.650
mps,6,15.273,120.148,135.421
mps,7,12.704,120.331,133.035
mps,8,12.421,120.622,133.043
mps,9,15.991,120.459,136.451
mps,10,12.147,120.529,132.676
mps,11,11.367,120.277,131.645
mps,12,14.774,121.320,136.095
mps,13,17.371,120.065,137.436
mps,14,17.362,121.708,139.070
mps,15,16.890,120.279,137.169
mps,16,13.000,120.273,133.273
mps,17,12.040,120.738,132.778
mps,18,11.594,120.722,132.317
mps,19,11.898,122.741,134.639
mps,20,14.066,123.639,137.705
mps,21,12.518,121.557,134.076
mps,22,12.456,121.375,133.831
mps,23,12.223,121.941,134.163
cpu,1,10.354,2306.646,2317.000
cpu,2,10.412,2270.427,2280.839
cpu,3,10.263,2293.571,2303.834
cpu,4,10.824,2278.593,2289.418
cpu,5,10.585,2338.819,2349.404
cpu,6,10.231,2305.702,2315.933
cpu,7,10.521,2273.942,2284.463
cpu,8,10.199,2310.050,2320.249
cpu,9,10.924,2547.569,2558.493
cpu,10,10.442,2322.968,2333.410
cpu,11,9.968,2307.981,2317.948
cpu,12,9.973,2321.875,2331.848
cpu,13,10.158,2327.045,2337.204
cpu,14,9.864,2317.492,2327.356
cpu,15,10.035,2311.204,2321.240
cpu,16,10.036,2314.745,2324.781
cpu,17,10.112,2328.686,2338.798
cpu,18,10.081,2297.638,2307.719
cpu,19,9.945,2346.525,2356.470
cpu,20,11.388,2325.410,2336.797
cpu,21,10.220,2352.518,2362.738
cpu,22,10.235,2331.468,2341.703
cpu,23,12.392,2311.317,2323.709
